{
  "Total" : {
    "transaction" : "Total",
    "sampleCount" : 541,
    "errorCount" : 62,
    "errorPct" : 11.4602585,
    "meanResTime" : 5630.131238447312,
    "medianResTime" : 5985.0,
    "minResTime" : 918.0,
    "maxResTime" : 13057.0,
    "pct1ResTime" : 9000.0,
    "pct2ResTime" : 10772.5,
    "pct3ResTime" : 12990.28,
    "throughput" : 25.131230547684304,
    "receivedKBytesPerSec" : 5.6748774068611505,
    "sentKBytesPerSec" : 3.8285859037487806
  },
  "conf1 | request" : {
    "transaction" : "conf1 | request",
    "sampleCount" : 541,
    "errorCount" : 62,
    "errorPct" : 11.4602585,
    "meanResTime" : 5630.131238447312,
    "medianResTime" : 5985.0,
    "minResTime" : 918.0,
    "maxResTime" : 13057.0,
    "pct1ResTime" : 9000.0,
    "pct2ResTime" : 10772.5,
    "pct3ResTime" : 12990.28,
    "throughput" : 25.131230547684304,
    "receivedKBytesPerSec" : 5.6748774068611505,
    "sentKBytesPerSec" : 3.8285859037487806
  }
}