{
  "conf2 | request" : {
    "transaction" : "conf2 | request",
    "sampleCount" : 280,
    "errorCount" : 3,
    "errorPct" : 1.0714285,
    "meanResTime" : 1057.657142857143,
    "medianResTime" : 1058.0,
    "minResTime" : 909.0,
    "maxResTime" : 1301.0,
    "pct1ResTime" : 1153.8,
    "pct2ResTime" : 1169.95,
    "pct3ResTime" : 1223.2399999999998,
    "throughput" : 2.461949688299584,
    "receivedKBytesPerSec" : 0.5553812285128945,
    "sentKBytesPerSec" : 0.3750626478268898
  },
  "Total" : {
    "transaction" : "Total",
    "sampleCount" : 840,
    "errorCount" : 6,
    "errorPct" : 0.71428573,
    "meanResTime" : 1055.5559523809527,
    "medianResTime" : 1057.0,
    "minResTime" : 907.0,
    "maxResTime" : 1301.0,
    "pct1ResTime" : 1150.0,
    "pct2ResTime" : 1165.9499999999998,
    "pct3ResTime" : 1198.0,
    "throughput" : 7.3858490648987525,
    "receivedKBytesPerSec" : 1.6661436855386835,
    "sentKBytesPerSec" : 1.1251879434806693
  },
  "conf3 | request" : {
    "transaction" : "conf3 | request",
    "sampleCount" : 280,
    "errorCount" : 3,
    "errorPct" : 1.0714285,
    "meanResTime" : 1057.928571428571,
    "medianResTime" : 1059.5,
    "minResTime" : 909.0,
    "maxResTime" : 1301.0,
    "pct1ResTime" : 1152.8,
    "pct2ResTime" : 1166.95,
    "pct3ResTime" : 1223.2399999999998,
    "throughput" : 2.4619713356194497,
    "receivedKBytesPerSec" : 0.5553861118438407,
    "sentKBytesPerSec" : 0.3750659456607755
  },
  "conf1 | request" : {
    "transaction" : "conf1 | request",
    "sampleCount" : 280,
    "errorCount" : 0,
    "errorPct" : 0.0,
    "meanResTime" : 1051.0821428571423,
    "medianResTime" : 1051.0,
    "minResTime" : 907.0,
    "maxResTime" : 1198.0,
    "pct1ResTime" : 1142.0,
    "pct2ResTime" : 1161.0,
    "pct3ResTime" : 1186.9,
    "throughput" : 2.462036279863181,
    "receivedKBytesPerSec" : 0.555400762351948,
    "sentKBytesPerSec" : 0.37507583951040646
  }
}